Title,Author,Format-Year
"Real-World Spanish: The Conversation Learning System
Real-World Spanish: The Conversation Learning System, eAudiobook",Camila Vega Rivera,N/A
"Learning Spanish-beginner I
Learning Spanish-beginner I, eBook","Iris Acevedo A.; Spanishonline, Costarica",N/A
"100 Facts About Learning Spanish
100 Facts About Learning Spanish, eAudiobook",Science-Based Language Learning Lab,N/A
"100 Facts About Learning Spanish
100 Facts About Learning Spanish, eBook",Science-Based Language Learning Lab,N/A
"A Beginner's Guide to Learning Spanish
A Beginner's Guide to Learning Spanish, eAudiobook","Miller, Jackson",N/A
"No Tears Spanish Grammar: Easy Learning: Essential Rules for Beginners
No Tears Spanish Grammar: Easy Learning: Essential Rules for Beginners, eBook","Bennett, Olivia",N/A
"The Ultimate Learning Spanish Blueprint - 10 Essential Steps
The Ultimate Learning Spanish Blueprint - 10 Essential Steps, eBook","Ramirez, Andres",N/A
"Guess What Baby J Is Learning? 123's Spanish
Guess What Baby J Is Learning? 123's Spanish, eBook","Sharif, Mboya",N/A
"Learning Spanish for Adults Beginner
Learning Spanish for Adults Beginner, eBook","World, Spain",N/A
"Learning to Read in English and Spanish Made Easy
Learning to Read in English and Spanish Made Easy, eBook","Navarijo, Susie G.",N/A
"Learn Spanish Like a Native for Beginners - Level 1: Learning Spanish in Your Car Has Never Been Eas
Learn Spanish Like a Native for Beginners - Level 1: Learning Spanish in Your Car Has Never Been Eas, eBook",Learn Like a Native,N/A
"Spanish for Beginners: A Comprehensive Guide for Learning the Spanish Language Fast
Spanish for Beginners: A Comprehensive Guide for Learning the Spanish Language Fast, eBook",Language Equipped Travelers,N/A
"Learn Spanish Like a Native for Beginners - Level 2: Learning Spanish in Your Car Has Never Been Eas
Learn Spanish Like a Native for Beginners - Level 2: Learning Spanish in Your Car Has Never Been Eas, eBook",Learn Like a Native,N/A
"Spanish: Beginner's Step by Step Course to Quickly Learning the Spanish Language, Spanish Grammar &
Spanish: Beginner's Step by Step Course to Quickly Learning the Spanish Language, Spanish Grammar &, eBook","Michaels, Steven J.",N/A
"I'm Learning Spanish
I'm Learning Spanish, eAudiobook","Gardner, James M.",N/A
"I am learning Spanish
I am learning Spanish, eAudiobook","Gardner, James M.",N/A
"The Best Spanish Learning Games for Children
The Best Spanish Learning Games for Children, eBook","Professor, Baby",N/A
"Easy Learning Spanish Vocabulary
Easy Learning Spanish Vocabulary, eBook","Dictionaries, Collins",N/A
"Easy Learning Spanish Grammar: Trusted support for learning
Easy Learning Spanish Grammar: Trusted support for learning, eBook",Various Authors,N/A
"Easy Learning Spanish Verbs
Easy Learning Spanish Verbs, eBook",Various Authors,N/A
